{"cameraMode":{"drawMode":0,"name":"Shaded","section":"Shading Mode"},"sceneLighting":false,"audioPlay":false,"sceneViewState":{"m_AlwaysRefresh":true,"showFog":true,"showSkybox":false,"showFlares":true,"showImageEffects":true,"showParticleSystems":true,"showVisualEffectGraphs":true,"m_FxEnabled":true},"in2DMode":false,"pivot":{"x":0.7611393928527832,"y":0.735990047454834,"z":0.3114294111728668},"rotation":{"x":0.14519457519054414,"y":0.7297762036323547,"z":-0.1635761708021164,"w":0.6477727890014648},"size":2.3243837356567385,"orthographic":false}