{"cameraMode":{"drawMode":0,"name":"Shaded","section":"Shading Mode"},"sceneLighting":false,"audioPlay":false,"sceneViewState":{"m_AlwaysRefresh":true,"showFog":true,"showSkybox":false,"showFlares":true,"showImageEffects":true,"showParticleSystems":true,"showVisualEffectGraphs":true,"m_FxEnabled":true},"in2DMode":false,"pivot":{"x":3.6327738761901857,"y":2.270836591720581,"z":-6.433220386505127},"rotation":{"x":0.04908610135316849,"y":-0.8399691581726074,"z":0.07706920057535172,"w":0.5348709225654602},"size":0.000017344029402011074,"orthographic":false}