{"cameraMode":{"drawMode":0,"name":"Shaded","section":"Shading Mode"},"sceneLighting":false,"audioPlay":false,"sceneViewState":{"m_AlwaysRefresh":true,"showFog":true,"showSkybox":false,"showFlares":true,"showImageEffects":true,"showParticleSystems":true,"showVisualEffectGraphs":true,"m_FxEnabled":true},"in2DMode":false,"pivot":{"x":-163.06365966796876,"y":-20.3907470703125,"z":-2.206446886062622},"rotation":{"x":-0.0014947757590562106,"y":0.07615077495574951,"z":0.00010429990652482957,"w":0.9970880150794983},"size":0.8660253882408142,"orthographic":false}