{"cameraMode":{"drawMode":0,"name":"Shaded","section":"Shading Mode"},"sceneLighting":true,"audioPlay":false,"sceneViewState":{"m_AlwaysRefresh":true,"showFog":true,"showSkybox":true,"showFlares":true,"showImageEffects":true,"showParticleSystems":true,"showVisualEffectGraphs":true,"m_FxEnabled":true},"in2DMode":false,"pivot":{"x":-141.81716918945313,"y":-0.2992558479309082,"z":5.757776260375977},"rotation":{"x":-0.12248043715953827,"y":-0.48580077290534975,"z":0.06890998780727387,"w":-0.8627207279205322},"size":8.576886177062989,"orthographic":false}