{"cameraMode":{"drawMode":0,"name":"Shaded","section":"Shading Mode"},"sceneLighting":true,"audioPlay":false,"sceneViewState":{"m_AlwaysRefresh":true,"showFog":true,"showSkybox":true,"showFlares":true,"showImageEffects":true,"showParticleSystems":true,"showVisualEffectGraphs":true,"m_FxEnabled":true},"in2DMode":false,"pivot":{"x":-53.97114562988281,"y":0.9436039924621582,"z":-1.621410608291626},"rotation":{"x":0.17150349915027619,"y":-0.7095789909362793,"z":0.18497364223003388,"w":0.6579387784004211},"size":2.6143839359283449,"orthographic":false}