{"cameraMode":{"drawMode":0,"name":"Shaded","section":"Shading Mode"},"sceneLighting":false,"audioPlay":false,"sceneViewState":{"m_AlwaysRefresh":true,"showFog":true,"showSkybox":false,"showFlares":true,"showImageEffects":true,"showParticleSystems":true,"showVisualEffectGraphs":true,"m_FxEnabled":true},"in2DMode":false,"pivot":{"x":13.219711303710938,"y":-0.7533061504364014,"z":5.174367904663086},"rotation":{"x":0.032578062266111377,"y":-0.15882082283496858,"z":0.005234055686742067,"w":0.9867641925811768},"size":2.7041635513305666,"orthographic":false}