{"cameraMode":{"drawMode":0,"name":"Shaded","section":"Shading Mode"},"sceneLighting":false,"audioPlay":false,"sceneViewState":{"m_AlwaysRefresh":false,"showFog":true,"showSkybox":false,"showFlares":true,"showImageEffects":true,"showParticleSystems":true,"showVisualEffectGraphs":true,"m_FxEnabled":true},"in2DMode":false,"pivot":{"x":4.843930721282959,"y":1.0319490432739258,"z":-0.036233484745025638},"rotation":{"x":-0.05172204598784447,"y":0.4185616672039032,"z":-0.023881472647190095,"w":-0.9063994288444519},"size":5.036140441894531,"orthographic":false}