{"cameraMode":{"drawMode":0,"name":"Shaded","section":"Shading Mode"},"sceneLighting":false,"audioPlay":false,"sceneViewState":{"m_AlwaysRefresh":true,"showFog":true,"showSkybox":false,"showFlares":true,"showImageEffects":true,"showParticleSystems":true,"showVisualEffectGraphs":true,"m_FxEnabled":true},"in2DMode":false,"pivot":{"x":-165.16458129882813,"y":2.4870710372924806,"z":0.14581561088562013},"rotation":{"x":0.03924037888646126,"y":-0.6631685495376587,"z":0.034843333065509799,"w":0.7466173768043518},"size":3.137486457824707,"orthographic":false}