{"cameraMode":{"drawMode":0,"name":"Shaded","section":"Shading Mode"},"sceneLighting":false,"audioPlay":false,"sceneViewState":{"m_AlwaysRefresh":true,"showFog":true,"showSkybox":false,"showFlares":true,"showImageEffects":true,"showParticleSystems":true,"showVisualEffectGraphs":true,"m_FxEnabled":true},"in2DMode":false,"pivot":{"x":-1.1920928955078126e-7,"y":-0.113314688205719,"z":-0.027510523796081544},"rotation":{"x":0.14519457519054414,"y":0.7297762036323547,"z":-0.1635761708021164,"w":0.6477727890014648},"size":1.485307216644287,"orthographic":false}